year;country_id;government_consumption;transfers_and_subsidies;government_investment;judicial_independence;impartial_courts;military_interference;legal_integrity;police_and_crime;impartial_public_administration;tax_compliance
2021;2;7.76;7.13;7.55;4.48;4.22;8.33;5.35;5.3;5.79;3.59
2020;2;8.03;7.05;7.55;4.19;4.3;8.33;5.4;5.3;6.0;3.59
2019;2;8.16;7.33;7.55;4.13;4.44;8.33;5.27;5.3;6.24;3.59
2018;2;8.16;6.74;7.63;4.14;4.19;8.3;5.34;5.3;6.24;3.59
2017;2;8.08;6.66;8.0;4.44;4.28;8.33;4.91;5.91;6.01;3.59
2021;3;3.47;7.82;4.0;4.04;3.03;3.33;4.72;5.9;2.63;4.76
2020;3;2.87;7.82;4.0;4.09;3.03;3.33;4.79;5.67;2.58;4.76
2019;3;3.02;7.82;4.0;4.16;3.37;3.33;4.37;5.67;2.58;4.76
2018;3;3.22;7.82;5.87;4.35;3.35;4.2;4.25;5.67;4.04;4.76
2017;3;2.71;7.82;4.61;4.21;3.24;4.17;4.24;5.55;4.06;4.76
2021;6;7.18;9.7;8.9;3.65;2.82;4.17;4.27;2.09;4.9;4.64
2020;6;7.58;9.7;6.63;4.06;2.54;4.17;4.5;1.9;4.7;4.64
2019;6;7.44;9.7;9.27;4.08;2.7;4.17;3.95;1.9;4.7;4.64
2018;6;7.15;9.67;8.03;3.95;2.7;3.3;3.9;1.9;4.72;4.64
2017;6;6.34;9.62;6.33;3.51;2.51;3.33;3.88;1.68;4.37;4.64
2021;10;5.69;5.54;8.7;4.81;4.27;7.5;4.77;5.96;7.12;4.5
2020;10;5.61;4.89;8.7;4.73;4.27;7.5;4.84;5.96;7.27;4.5
2019;10;5.91;6.49;8.7;5.07;4.46;7.5;4.26;5.96;6.53;4.5
2018;10;6.31;6.26;8.01;5.11;4.54;7.5;4.31;5.96;6.53;4.5
2017;10;5.58;6.31;7.59;5.28;4.54;7.5;4.4;5.6;6.52;4.5
2021;11;6.47;7.32;8.98;4.9;4.71;5.0;6.25;7.08;6.37;6.02
2020;11;6.89;7.22;8.98;4.69;4.78;5.83;5.77;7.08;6.26;6.02
2019;11;7.94;7.86;8.98;4.99;4.94;5.83;5.37;7.08;6.96;6.02
2018;11;8.06;7.71;10.0;4.97;4.79;5.8;5.37;7.08;5.89;6.02
2017;11;7.84;7.77;7.81;4.52;4.04;5.83;4.42;6.67;4.4;6.03
2021;13;2.77;5.16;9.31;8.46;8.15;10.0;9.08;7.96;9.69;8.16
2020;13;3.12;5.77;9.25;8.44;8.18;10.0;8.92;7.96;9.64;8.16
2019;13;3.74;6.96;9.5;8.44;8.26;10.0;8.5;7.96;9.64;8.16
2018;13;3.97;6.87;9.92;8.46;8.25;10.0;8.51;7.96;9.64;8.16
2017;13;4.03;6.84;10.0;8.56;8.28;10.0;8.5;8.06;10.0;8.16
2021;14;2.85;1.98;10.0;7.76;7.71;10.0;9.03;9.3;8.74;6.77
2020;14;3.02;1.72;10.0;7.82;7.71;10.0;9.21;9.3;9.28;6.77
2019;14;3.72;3.51;10.0;7.78;7.78;10.0;8.68;9.3;8.35;6.77
2018;14;3.77;3.49;10.0;7.75;7.78;10.0;8.66;9.3;8.35;6.77
2017;14;3.76;3.44;10.0;7.8;7.61;10.0;8.66;9.23;9.59;6.77
2021;15;5.77;7.71;0.0;4.05;2.97;5.0;4.21;7.55;2.28;6.26
2020;15;5.64;7.71;0.0;4.02;2.69;5.0;4.13;7.55;2.82;5.36
2019;15;7.05;7.71;0.0;3.89;2.86;5.0;4.01;7.55;2.78;5.36
2018;15;7.04;8.15;0.0;3.78;2.85;5.0;3.9;7.55;2.59;5.36
2017;15;6.86;7.94;1.85;3.89;2.92;5.0;3.99;6.84;2.57;5.36
2021;17;3.39;9.43;10.0;5.37;4.55;5.0;5.16;8.23;2.37;9.87
2020;17;3.26;9.43;10.0;5.37;4.45;5.0;5.0;8.23;2.41;9.87
2019;17;3.54;9.54;10.0;5.34;4.56;5.0;4.86;8.23;2.41;9.87
2018;17;3.37;9.56;9.61;5.34;4.53;5.0;4.82;8.23;2.41;9.87
2017;17;3.43;9.56;9.65;5.38;4.65;5.0;4.82;7.63;2.08;9.84
2021;18;9.45;9.23;7.55;3.22;3.17;4.17;3.61;3.34;1.47;3.81
2020;18;9.34;9.21;7.63;3.15;3.33;4.17;3.29;3.34;1.38;3.81
2019;18;9.31;9.19;8.11;3.06;3.36;4.17;3.08;3.34;1.38;3.81
2018;18;9.34;9.33;8.11;3.15;3.36;4.2;3.11;3.34;2.16;3.81
2017;18;9.4;9.32;7.56;3.29;3.29;4.17;3.24;3.2;1.63;3.81
2021;21;2.08;1.49;10.0;7.72;7.29;10.0;8.26;7.55;9.51;6.74
2020;21;1.98;0.63;10.0;7.72;7.31;10.0;8.27;7.55;9.53;6.74
2019;21;2.68;2.05;10.0;7.57;7.36;10.0;7.78;7.55;9.53;6.74
2018;21;2.68;2.14;10.0;7.57;7.37;10.0;7.77;7.55;9.53;6.74
2017;21;2.54;2.1;10.0;7.53;7.37;10.0;7.78;7.57;10.0;6.74
2021;29;0.0;8.28;7.82;6.83;5.78;8.33;6.62;5.36;7.39;4.33
2020;29;0.0;8.28;7.82;6.8;5.39;8.33;6.68;5.65;8.28;4.33
2019;29;0.0;8.67;7.82;6.74;5.82;8.33;6.24;5.65;8.77;4.33
2018;29;0.0;8.76;7.5;6.83;5.6;8.3;6.25;5.65;7.88;4.33
2017;29;0.0;8.71;7.69;6.54;5.88;8.33;5.97;5.53;8.45;4.33
2021;31;4.75;5.47;10.0;5.17;4.8;5.83;5.02;3.18;5.63;1.25
2020;31;4.52;3.72;10.0;5.29;4.76;5.83;5.18;3.18;5.2;1.25
2019;31;4.76;5.15;10.0;5.5;4.85;5.83;4.43;3.18;5.2;1.25
2018;31;4.86;5.16;10.0;5.73;4.8;6.7;4.06;3.18;4.85;1.25
2017;31;4.7;5.22;9.7;6.0;4.82;6.67;4.41;3.29;5.69;1.25
2021;34;4.55;4.88;9.15;5.6;4.46;8.33;5.5;4.88;5.12;3.78
2020;34;4.44;5.27;9.15;5.61;4.16;8.33;5.6;4.88;5.94;3.78
2019;34;5.24;5.95;9.15;5.7;4.36;8.33;5.07;4.88;5.91;3.78
2018;34;5.41;5.93;9.61;5.81;4.33;8.3;5.07;4.88;5.91;3.78
2017;34;5.74;6.13;10.0;5.62;4.22;8.33;5.22;4.7;5.34;3.71
2021;35;5.35;9.56;6.98;4.86;3.3;3.33;6.1;3.79;6.2;4.74
2020;35;5.41;9.53;6.98;5.02;3.47;3.33;6.25;4.11;6.22;4.74
2019;35;4.44;9.77;6.98;5.05;3.63;3.33;5.87;4.11;6.22;4.74
2018;35;5.21;9.77;0.85;5.02;3.77;3.3;5.98;4.11;6.22;4.74
2017;35;5.58;9.59;1.31;5.23;4.19;3.33;6.04;4.24;6.32;4.74
2021;39;7.61;9.42;8.17;3.64;3.58;4.17;3.83;3.78;1.8;4.0
2020;39;7.52;9.42;7.96;3.49;3.57;4.17;3.76;3.78;1.78;4.0
2019;39;7.86;9.3;7.82;3.52;3.79;4.17;3.52;3.78;1.78;4.0
2018;39;7.76;9.53;7.94;3.32;3.7;5.0;3.54;3.78;1.78;4.0
2017;39;7.72;9.68;5.62;3.24;3.51;5.0;3.57;3.91;0.94;4.0
2021;40;3.39;5.85;10.0;7.98;7.9;10.0;8.66;7.94;8.53;6.77
2020;40;3.45;4.45;8.97;7.67;7.76;10.0;8.51;7.71;8.55;6.77
2019;40;3.97;7.0;9.43;7.99;7.85;10.0;8.19;7.71;8.55;6.77
2018;40;4.02;7.03;9.21;7.99;7.85;10.0;8.12;7.71;9.51;6.77
2017;40;3.97;7.11;9.56;8.35;7.92;10.0;8.09;8.13;10.0;6.77
2021;44;6.16;6.83;10.0;7.57;6.89;7.5;7.39;7.36;7.46;5.84
2020;44;5.38;6.83;10.0;7.54;7.03;7.5;7.26;7.64;7.46;5.84
2019;44;6.23;8.46;10.0;7.41;7.11;7.5;6.81;7.64;7.46;5.84
2018;44;6.36;8.49;10.0;7.47;7.13;7.5;7.2;7.64;8.18;5.84
2017;44;6.38;8.5;10.0;7.52;7.03;7.5;7.31;7.74;7.88;5.84
2021;45;3.14;8.29;3.87;4.41;3.78;4.17;3.85;5.71;3.66;6.4
2020;45;2.66;8.29;3.87;4.28;3.72;5.0;4.29;5.49;3.69;5.48
2019;45;2.96;8.29;3.87;4.29;3.84;5.0;4.38;5.49;3.44;5.48
2018;45;2.93;8.29;3.93;4.33;3.91;5.0;4.39;5.49;3.44;5.48
2017;45;3.01;8.29;3.45;4.31;3.88;5.0;4.42;5.49;3.82;5.45
2021;48;6.32;7.16;6.58;5.48;4.83;4.17;4.69;3.41;4.6;4.82
2020;48;5.81;7.16;6.58;5.45;4.82;4.17;4.61;3.41;4.86;4.82
2019;48;6.27;7.48;6.58;5.41;5.13;4.17;4.24;3.41;5.15;4.82
2018;48;6.34;7.54;6.58;5.34;4.88;4.2;4.24;3.41;5.95;4.82
2017;48;6.52;8.0;6.58;5.43;4.77;4.17;4.35;3.23;5.38;4.82
2021;51;8.4;9.92;10.0;3.53;1.6;3.33;3.25;1.57;4.11;3.06
2020;51;8.86;9.92;10.0;3.49;1.75;2.5;2.82;1.57;2.54;3.06
2019;51;9.32;9.92;10.0;3.46;1.88;2.5;2.59;1.57;2.54;3.06
2018;51;9.48;9.92;10.0;3.24;1.88;2.5;2.59;1.57;1.58;3.06
2017;51;9.5;10.0;10.0;3.52;1.92;2.5;2.47;1.78;0.0;3.06
2021;53;5.69;8.14;9.31;7.25;6.43;10.0;6.58;4.48;9.11;6.65
2020;53;5.38;8.14;9.31;7.32;6.49;10.0;6.59;4.26;9.21;6.65
2019;53;5.43;8.47;9.31;7.27;6.58;10.0;6.01;4.26;9.21;6.65
2018;53;5.55;8.75;10.0;7.32;6.55;10.0;6.02;4.26;9.21;6.65
2017;53;5.51;8.46;9.44;7.66;6.54;10.0;6.01;4.3;10.0;6.65
2021;54;7.91;9.38;6.09;4.67;4.25;4.17;5.01;4.52;5.81;6.45
2020;54;7.56;9.38;5.91;4.59;4.46;4.17;4.97;4.52;5.83;6.45
2019;54;7.99;9.56;7.0;4.67;4.65;4.17;4.74;4.52;6.99;6.45
2018;54;7.98;9.19;6.74;4.79;4.88;5.0;4.83;4.52;7.46;6.45
2017;54;7.96;9.4;6.82;4.75;4.9;3.4;4.74;4.43;8.23;6.35
2021;55;3.56;4.86;7.83;5.47;4.87;8.33;7.2;5.44;6.18;6.35
2020;55;3.24;4.46;7.08;5.56;4.87;8.33;7.16;5.22;6.22;6.35
2019;55;3.95;5.48;8.43;5.48;5.03;8.33;6.65;5.22;5.89;6.35
2018;55;3.96;5.41;9.31;5.54;4.8;8.3;6.69;5.22;5.89;6.35
2017;55;3.98;5.7;10.0;5.76;4.83;8.33;6.6;5.44;6.61;6.35
2021;58;4.46;4.7;10.0;6.81;6.57;8.33;7.97;6.95;7.85;9.33
2020;58;4.66;4.39;10.0;6.83;6.55;8.33;8.13;6.95;7.9;9.33
2019;58;5.76;6.28;10.0;6.93;6.69;8.33;7.69;6.95;7.9;9.33
2018;58;6.29;6.23;10.0;6.93;6.68;8.3;7.77;6.95;7.9;9.33
2017;58;6.41;6.21;10.0;7.01;6.76;8.33;7.79;6.9;8.3;9.31
2021;59;2.31;4.1;9.14;6.81;6.0;10.0;7.83;7.3;7.16;5.8
2020;59;2.22;4.12;9.06;6.83;5.96;10.0;7.88;7.07;7.21;4.96
2019;59;3.11;5.05;9.57;6.75;6.04;10.0;7.49;7.07;8.25;4.96
2018;59;3.06;5.22;9.69;6.75;6.04;10.0;7.51;7.07;7.92;4.96
2017;59;3.31;5.23;10.0;6.76;5.89;10.0;7.53;6.94;7.99;4.96
2021;60;1.54;4.38;9.97;8.53;8.81;10.0;9.62;9.04;9.15;8.01
2020;60;1.49;4.38;9.73;8.55;8.77;10.0;9.62;9.04;9.14;8.01
2019;60;1.74;5.01;10.0;8.55;8.82;10.0;9.15;9.04;9.93;8.01
2018;60;1.68;4.92;9.86;8.55;8.79;10.0;9.15;9.04;9.93;8.01
2017;60;1.55;4.85;9.78;8.53;8.68;10.0;9.15;8.85;10.0;8.01
2021;63;7.44;9.6;10.0;5.17;4.38;5.0;5.5;4.01;5.8;4.47
2020;63;7.25;9.6;10.0;4.77;4.03;5.0;5.23;4.01;5.82;4.47
2019;63;7.64;9.6;10.0;4.25;3.72;5.0;4.34;4.01;2.69;4.47
2018;63;7.73;9.6;10.0;4.37;3.7;5.0;4.34;4.01;2.69;4.47
2017;63;7.76;9.66;10.0;4.02;3.52;5.0;3.93;3.84;3.68;4.47
2021;64;5.9;9.59;7.51;4.39;3.56;2.5;5.08;4.53;6.62;2.53
2020;64;5.4;9.59;7.51;3.93;3.4;2.5;5.05;4.82;5.81;2.53
2019;64;6.04;9.59;8.28;3.89;3.56;2.5;4.71;4.82;5.81;2.53
2018;64;5.99;9.59;8.07;3.84;3.47;2.5;4.33;4.82;5.32;2.53
2017;64;6.01;9.59;6.25;3.09;3.27;2.5;4.27;4.87;4.71;2.53
2021;65;9.36;7.07;0.0;5.62;3.88;1.67;4.62;5.69;1.94;4.88
2020;65;9.28;7.07;0.0;5.63;3.82;1.67;4.68;5.69;2.29;4.18
2019;65;9.28;7.07;0.0;5.51;3.95;1.67;4.15;5.69;2.29;4.18
2018;65;9.15;7.07;0.0;5.67;3.95;1.7;4.15;5.69;2.29;4.18
2017;65;8.74;7.07;0.0;5.89;3.78;1.67;4.15;5.66;1.71;4.05
2021;66;6.16;9.45;10.0;2.97;3.21;4.17;3.29;1.29;3.5;6.56
2020;66;5.9;9.45;10.0;4.66;3.23;4.17;4.26;1.29;4.1;6.56
2019;66;6.04;9.34;10.0;4.73;3.7;4.17;3.25;1.29;4.1;6.56
2018;66;5.95;9.38;9.85;4.72;3.31;4.2;2.91;1.29;4.1;6.56
2017;66;6.01;9.32;9.69;4.76;3.2;4.17;3.06;1.21;3.98;6.49
2021;69;3.19;5.5;8.77;7.94;6.78;8.33;7.72;7.91;9.62;9.72
2020;69;3.1;4.82;9.06;7.79;6.63;8.33;7.73;7.91;9.65;9.72
2019;69;3.29;6.08;8.89;7.73;6.65;8.33;7.13;7.91;9.65;9.72
2018;69;3.44;6.11;8.17;7.82;6.63;8.3;7.17;7.91;9.65;9.72
2017;69;3.42;6.05;7.79;7.9;6.64;8.33;7.15;7.9;10.0;9.72
2021;71;8.56;8.91;6.12;3.81;3.67;3.33;5.88;4.47;4.09;5.82
2020;71;8.37;8.91;5.96;3.99;3.78;3.33;5.72;4.47;5.51;5.82
2019;71;8.29;8.75;5.14;3.97;3.88;3.33;5.64;4.47;5.63;5.82
2018;71;7.79;8.58;4.29;3.96;3.9;3.3;5.62;4.47;6.03;5.82
2017;71;7.55;8.53;3.93;4.25;4.04;1.67;5.62;5.01;3.83;5.82
2021;75;2.24;3.49;9.23;8.6;8.43;10.0;9.67;9.77;9.13;8.25
2020;75;2.3;3.45;8.46;8.57;8.38;10.0;9.64;9.77;8.93;8.25
2019;75;2.76;4.07;9.16;8.56;8.38;10.0;8.91;9.77;8.93;8.25
2018;75;2.93;3.74;9.2;8.57;8.36;10.0;9.1;9.77;9.4;8.25
2017;75;3.03;3.64;8.97;8.64;8.33;10.0;8.95;9.84;9.66;8.25
2021;76;2.49;1.49;10.0;7.13;7.3;8.33;8.21;7.3;9.01;6.72
2020;76;2.39;1.01;9.63;7.14;7.32;8.33;8.19;7.3;9.33;6.72
2019;76;2.92;2.45;9.87;7.14;7.42;8.33;7.79;7.3;9.33;6.72
2018;76;2.86;2.37;10.0;7.14;7.44;8.3;7.77;7.3;9.33;6.72
2017;76;2.84;2.3;9.95;7.35;7.52;8.33;7.91;7.64;9.29;6.72
2021;80;4.21;9.45;10.0;4.32;3.13;3.33;5.03;2.64;6.8;1.46
2020;80;4.74;9.45;10.0;4.23;3.12;3.33;5.06;2.64;8.05;1.46
2019;80;5.12;9.45;10.0;4.07;3.27;3.33;4.82;2.64;7.67;1.46
2018;80;5.45;9.57;9.17;4.14;3.28;3.3;4.93;2.64;7.67;1.46
2021;81;8.51;9.58;6.15;5.98;4.73;3.33;6.36;4.73;6.64;5.67
2020;81;8.92;9.58;8.97;6.14;4.84;3.33;6.45;4.51;6.75;5.67
2019;81;9.21;9.58;5.7;6.18;5.02;3.33;5.85;4.51;6.61;5.67
2018;81;9.66;9.58;6.23;6.18;4.99;3.3;5.73;4.51;6.81;5.67
2017;81;9.3;9.58;5.99;5.61;4.95;3.33;5.69;4.89;6.7;5.67
2021;83;2.64;1.75;10.0;7.53;8.45;10.0;8.6;7.17;9.9;7.53
2020;83;2.83;1.83;10.0;7.62;8.42;10.0;8.59;7.17;9.91;7.53
2019;83;3.51;2.87;10.0;7.65;8.5;10.0;8.12;7.17;9.91;7.53
2018;83;3.64;3.0;10.0;7.65;8.5;10.0;8.1;7.17;9.91;7.53
2017;83;3.67;3.08;10.0;7.89;8.64;10.0;8.12;7.35;10.0;7.53
2021;84;8.11;9.25;10.0;6.22;4.96;5.0;5.94;5.05;3.42;6.23
2020;84;8.81;9.25;10.0;6.07;4.55;5.0;6.04;5.05;3.65;6.23
2019;84;9.25;9.25;10.0;6.27;4.69;5.0;5.47;5.05;3.12;6.23
2018;84;9.1;9.13;10.0;6.18;4.7;5.0;5.44;5.05;2.92;6.23
2017;84;9.28;9.16;10.0;6.61;4.9;5.0;5.41;5.6;3.56;6.24
2021;86;4.66;2.77;6.51;6.16;4.96;8.33;7.44;5.28;7.98;6.04
2020;86;4.51;2.69;6.87;6.21;4.81;8.33;7.44;5.06;7.05;5.17
2019;86;5.14;4.22;7.47;6.18;4.88;8.33;6.95;5.06;7.05;5.17
2018;86;5.23;4.26;5.69;6.03;4.86;8.3;6.96;5.06;7.0;5.17
2017;86;5.03;3.99;3.24;6.15;4.97;8.33;6.99;5.24;7.74;5.17
2021;91;8.35;8.96;10.0;4.93;3.36;5.83;4.74;1.66;3.89;6.11
2020;91;8.19;8.96;10.0;5.12;3.37;6.67;4.78;1.66;4.24;6.11
2019;91;8.37;8.96;10.0;5.13;3.57;6.67;3.99;1.66;4.24;6.11
2018;91;8.42;8.93;10.0;5.04;3.57;6.7;4.06;1.66;4.24;6.11
2017;91;8.51;8.88;10.0;5.39;3.66;6.67;4.29;1.57;4.45;6.11
2021;99;7.44;9.36;10.0;4.79;3.25;4.17;4.32;1.76;4.62;6.36
2020;99;7.2;9.36;10.0;4.66;3.3;4.17;4.29;1.76;4.6;6.36
2019;99;7.61;10.0;9.66;4.57;3.47;4.17;3.54;1.76;4.13;6.36
2018;99;7.56;10.0;9.68;4.51;3.44;4.2;3.55;1.76;4.66;6.36
2017;99;7.31;10.0;9.45;4.51;3.36;4.17;3.51;1.52;5.55;6.24
2021;100;7.0;8.81;6.13;7.16;8.56;5.83;6.49;8.21;4.83;9.81
2020;100;7.03;8.81;5.86;7.37;8.93;6.67;6.65;8.21;5.0;9.81
2019;100;7.77;9.14;7.36;7.8;8.98;6.67;6.42;8.21;5.44;9.81
2018;100;8.05;9.29;7.97;7.98;9.05;8.3;7.24;8.21;7.09;9.81
2017;100;7.99;9.42;7.79;8.09;8.97;8.33;7.41;8.19;7.4;9.81
2021;101;2.89;6.08;7.71;5.53;5.38;10.0;6.29;5.86;5.64;5.95
2020;101;2.91;5.99;7.44;5.42;5.45;10.0;6.28;5.45;6.52;5.95
2019;101;3.25;6.02;7.92;5.33;5.55;10.0;5.88;5.45;7.03;5.95
2018;101;3.36;5.71;7.66;5.32;5.57;10.0;5.94;5.45;6.51;5.95
2017;101;3.36;5.66;8.48;5.48;5.49;10.0;6.0;5.39;7.76;5.95
2021;102;1.54;7.04;9.8;7.91;8.74;10.0;9.02;9.51;8.78;7.97
2020;102;1.42;6.81;9.8;7.93;8.77;10.0;9.05;9.51;8.43;7.97
2019;102;2.1;7.67;9.8;7.93;8.79;10.0;8.54;9.51;9.03;7.97
2018;102;2.22;7.95;9.63;7.89;8.77;10.0;8.63;9.51;8.5;7.97
2017;102;2.33;7.99;10.0;7.95;8.73;10.0;8.63;9.48;9.7;7.97
2021;103;7.14;8.23;7.4;6.29;5.36;6.67;6.59;5.17;6.01;5.66
2020;103;6.89;8.23;7.4;6.23;5.62;6.67;6.86;5.17;5.67;4.84
2019;103;7.16;8.23;7.4;6.23;5.65;6.67;6.33;5.17;6.4;4.84
2018;103;7.24;8.23;7.31;6.45;5.67;6.7;6.37;5.17;5.97;4.84
2017;103;7.13;8.44;7.15;6.53;5.84;6.67;6.38;5.49;5.24;4.71
2021;104;7.61;9.43;10.0;5.87;4.38;3.33;5.27;5.31;6.0;6.05
2020;104;7.76;9.43;10.0;5.85;4.31;4.17;5.28;5.31;6.1;5.18
2019;104;7.88;9.56;10.0;5.89;4.47;4.17;4.97;5.31;6.1;5.18
2018;104;7.74;9.55;10.0;5.89;4.48;4.2;5.16;5.31;6.1;5.18
2017;104;7.73;9.66;10.0;5.99;4.47;4.17;5.14;5.28;6.21;5.09
2021;105;4.47;7.99;9.37;3.53;2.18;6.67;4.86;6.32;4.02;5.04
2020;105;4.77;7.99;9.37;3.52;2.24;6.67;4.99;6.32;5.67;5.04
2019;105;4.77;7.99;7.95;3.46;2.49;6.67;5.23;6.32;5.67;5.04
2018;105;4.51;7.99;6.39;3.58;2.51;6.7;5.24;6.32;5.67;5.04
2017;105;4.49;7.99;5.14;3.85;2.78;7.5;5.26;6.55;5.42;5.04
2021;107;1.73;7.07;10.0;7.89;7.25;10.0;9.19;7.65;9.25;9.02
2020;107;1.72;6.91;10.0;7.83;7.23;10.0;9.23;7.65;9.26;9.54
2019;107;3.2;7.58;10.0;7.83;7.24;10.0;8.78;7.65;9.26;9.54
2018;107;3.5;7.24;10.0;7.87;7.46;10.0;8.78;7.65;9.26;9.54
2017;107;3.52;7.28;10.0;8.13;7.46;10.0;8.78;7.7;9.54;9.54
2021;109;2.64;5.07;10.0;6.93;7.21;4.17;8.22;7.16;7.52;8.69
2020;109;2.21;5.07;10.0;6.91;7.11;4.17;8.22;7.16;7.45;8.69
2019;109;3.11;6.48;10.0;6.91;7.21;4.17;7.74;7.16;7.45;8.69
2018;109;3.06;6.51;10.0;6.86;7.19;4.2;7.73;7.16;7.45;8.69
2017;109;3.19;6.57;10.0;7.12;7.35;4.17;7.71;7.19;6.77;8.66
2021;110;4.35;2.68;10.0;6.21;5.0;10.0;7.12;5.71;7.25;4.92
2020;110;4.04;2.26;10.0;6.18;5.0;10.0;7.11;5.71;7.29;4.92
2019;110;4.78;3.51;10.0;6.13;5.14;10.0;6.62;5.71;7.29;4.92
2018;110;4.71;3.57;10.0;6.18;5.13;10.0;6.64;5.71;7.29;4.92
2017;110;4.76;3.54;10.0;6.27;5.08;10.0;6.7;5.49;7.57;4.92
2021;111;6.34;8.38;10.0;6.8;5.35;8.33;5.55;2.12;6.95;4.75
2020;111;6.29;8.38;10.0;6.72;5.56;8.33;5.66;2.12;7.04;4.75
2019;111;7.35;8.38;10.0;6.71;5.62;8.33;4.6;2.12;6.81;4.75
2018;111;7.35;8.38;10.0;6.71;5.65;8.3;5.03;2.12;6.81;4.75
2017;111;7.47;8.38;10.0;6.91;5.53;10.0;4.6;2.25;7.01;4.73
2021;112;3.39;3.95;8.31;7.8;7.77;8.33;8.63;9.36;8.14;6.78
2020;112;3.5;3.94;8.31;7.84;7.74;8.33;8.63;9.36;8.18;6.78
2019;112;3.89;4.12;8.31;7.88;7.8;8.33;8.11;9.36;8.18;6.78
2018;112;4.06;4.16;8.4;7.88;7.8;8.3;8.09;9.36;8.18;6.78
2017;112;4.07;4.16;8.38;7.81;7.86;8.33;8.11;9.3;8.96;6.77
2021;114;6.44;8.11;7.86;5.91;5.64;5.83;6.59;7.74;7.36;6.96
2020;114;6.53;8.11;9.06;5.67;5.64;5.83;6.39;7.74;5.12;6.96
2019;114;6.66;8.29;8.19;5.98;5.74;5.83;5.85;7.74;5.12;6.96
2018;114;6.78;8.2;8.78;5.98;5.78;6.7;5.83;7.74;5.12;6.96
2017;114;6.64;8.22;8.86;5.78;5.63;7.08;6.07;7.83;6.8;6.79
2021;115;6.33;7.57;10.0;4.24;4.24;8.33;4.98;5.34;3.58;6.46
2020;115;6.06;7.57;10.0;4.25;4.38;8.33;5.19;5.12;4.46;6.46
2019;115;7.37;8.1;10.0;4.24;4.33;8.33;4.92;5.12;4.17;6.46
2018;115;7.71;8.19;10.0;4.29;4.33;8.3;4.83;5.12;3.75;6.46
2017;115;6.86;8.63;9.37;4.18;4.27;8.33;4.88;5.11;3.79;6.48
2021;116;7.7;9.71;2.27;5.41;3.51;5.83;6.06;2.74;6.92;6.49
2020;116;7.52;9.71;2.27;5.35;3.19;5.83;5.46;2.43;6.95;6.49
2019;116;7.75;9.57;2.27;5.24;3.4;5.83;5.08;2.43;6.82;6.49
2018;116;7.75;9.57;3.49;5.24;3.8;5.8;5.1;2.43;6.7;6.49
2017;116;7.58;8.85;2.53;5.61;3.88;6.46;4.59;2.6;4.14;6.49
2021;119;3.46;5.84;9.79;6.11;6.1;6.67;8.16;7.6;8.71;7.77
2020;119;3.53;5.84;9.49;6.06;6.31;6.67;8.04;7.37;7.88;7.77
2019;119;4.09;6.45;9.41;6.04;6.38;6.67;7.54;7.37;7.88;7.77
2018;119;4.46;6.89;9.95;5.98;6.27;6.7;7.55;7.37;8.67;7.77
2017;119;4.65;7.07;10.0;6.2;6.19;6.67;7.55;7.4;9.37;7.7
2021;120;0.84;6.9;6.46;6.02;5.13;8.33;6.81;8.3;5.88;6.95
2020;120;0.92;6.9;6.46;6.13;5.16;8.33;6.74;8.3;4.94;6.95
2019;120;0.62;6.9;6.46;6.17;5.23;8.33;6.24;8.3;4.94;6.95
2018;120;0.99;6.9;6.46;6.17;5.22;8.3;6.25;8.3;4.69;6.95
2017;120;0.99;6.9;6.46;6.21;5.04;8.33;6.24;8.37;4.67;6.95
2021;123;3.96;4.87;7.63;6.95;4.52;8.33;8.33;6.85;9.14;7.81
2020;123;3.98;5.64;7.62;6.95;4.51;8.33;8.22;6.85;8.18;7.81
2019;123;4.44;6.16;7.82;6.87;4.62;8.33;7.67;6.85;8.18;7.81
2018;123;4.94;6.33;7.39;6.99;4.59;8.3;7.69;6.85;8.53;7.81
2017;123;4.93;6.24;9.45;6.92;4.45;8.33;7.67;6.58;9.12;7.81
2021;124;10.0;8.16;10.0;4.4;2.58;3.33;4.43;2.51;3.53;5.24
2020;124;9.29;8.16;10.0;4.68;2.7;3.33;4.46;2.32;3.59;5.24
2019;124;7.56;7.51;10.0;4.57;2.95;3.33;5.09;2.32;3.64;5.24
2018;124;7.44;7.5;10.0;4.67;3.01;3.3;5.13;2.32;3.84;5.24
2017;124;8.1;8.02;10.0;4.6;3.05;3.33;5.14;2.14;3.95;5.24
2021;129;4.95;5.55;10.0;7.17;5.84;8.33;7.27;7.23;6.83;7.59
2020;129;4.71;4.82;8.78;7.18;5.79;8.33;7.26;7.23;7.36;6.97
2019;129;5.38;6.2;10.0;7.11;5.89;8.33;6.75;7.23;7.36;6.97
2018;129;5.57;6.11;9.77;7.19;5.86;8.3;6.77;7.23;7.36;6.97
2017;129;5.65;6.41;9.64;7.31;5.77;8.33;6.78;6.98;8.07;6.95
2021;130;1.0;4.95;7.29;8.24;8.36;10.0;9.1;9.3;9.55;8.44
2020;130;0.69;4.14;6.15;8.29;8.37;10.0;9.09;9.3;9.68;8.44
2019;130;1.81;4.87;7.44;8.09;8.4;10.0;8.66;9.3;9.68;8.44
2018;130;1.96;4.38;7.69;8.06;8.41;10.0;8.66;9.3;9.68;8.44
2017;130;2.11;4.29;8.04;8.15;8.45;10.0;8.66;9.3;10.0;8.44
2021;132;5.09;9.56;6.57;4.16;3.09;1.67;4.36;2.5;3.74;6.47
2020;132;6.89;9.21;4.39;4.1;3.05;1.67;4.34;2.5;3.79;6.47
2019;132;6.6;9.33;6.99;4.08;3.18;1.67;3.91;2.5;3.79;6.47
2018;132;7.09;9.44;6.76;4.28;3.39;1.7;4.09;2.5;2.1;6.47
2021;133;8.85;9.46;1.31;5.77;3.32;5.83;6.49;3.62;7.13;6.55
2020;133;8.85;9.59;1.31;5.41;3.18;5.83;6.31;3.41;6.12;6.55
2019;133;7.37;9.79;1.31;5.47;3.39;5.83;4.97;3.41;4.53;6.55
2018;133;7.1;9.81;2.67;5.58;3.54;8.3;6.24;3.41;4.96;6.55
2017;133;7.48;9.82;0.0;5.75;3.77;5.83;5.02;3.6;5.22;6.51
2021;134;6.47;8.22;7.87;6.29;6.25;7.5;6.24;7.44;4.16;7.77
2020;134;6.56;8.06;7.13;6.31;6.3;8.33;6.44;7.44;5.03;7.77
2019;134;6.96;8.05;6.51;6.32;6.37;8.33;5.93;7.44;6.02;7.77
2018;134;6.7;8.56;5.76;6.11;6.54;8.3;5.95;7.44;5.3;7.77
2017;134;6.46;8.86;5.2;5.85;6.26;8.33;5.47;7.52;4.49;7.7
2021;136;6.45;9.67;5.11;4.87;2.53;3.33;5.19;3.23;4.14;5.95
2020;136;6.55;9.67;4.89;5.25;2.68;3.33;5.6;3.23;4.29;5.95
2019;136;6.6;9.9;4.37;5.25;2.92;3.33;5.08;3.23;4.29;5.95
2018;136;6.61;9.89;3.57;5.02;2.78;4.2;4.94;3.23;4.35;5.95
2017;136;6.59;9.89;0.46;5.05;2.9;4.17;5.02;3.09;5.61;5.99
2021;137;2.2;6.28;10.0;6.81;6.07;10.0;7.76;6.39;6.35;7.97
2020;137;2.27;5.96;10.0;6.68;6.06;10.0;7.78;6.39;6.85;7.97
2019;137;3.69;7.22;10.0;6.55;6.33;10.0;6.88;6.39;6.85;7.97
2018;137;4.19;7.16;10.0;6.47;6.19;10.0;6.83;6.39;6.85;7.97
2017;137;4.44;7.01;10.0;6.51;6.28;10.0;7.25;6.71;7.52;7.97
2021;143;7.21;8.35;10.0;4.56;4.5;5.0;3.73;1.24;4.19;4.9
2020;143;6.88;8.35;10.0;4.81;4.28;5.0;3.87;1.24;4.85;4.9
2019;143;7.38;8.6;10.0;4.72;4.46;5.0;3.5;1.24;4.85;4.9
2018;143;7.28;8.73;10.0;5.08;4.45;5.0;3.52;1.24;4.85;4.9
2017;143;7.29;8.75;10.0;5.17;4.45;5.0;3.53;1.19;4.38;4.9
2021;145;6.81;6.54;10.0;4.95;4.13;6.67;6.82;5.96;6.25;6.47
2020;145;6.82;5.96;10.0;4.96;3.92;6.67;6.22;5.96;6.73;6.47
2019;145;7.54;6.68;10.0;4.86;4.1;6.67;6.0;5.96;6.73;6.47
2018;145;7.29;6.66;10.0;4.71;3.61;6.7;5.91;5.96;6.08;6.47
2017;145;7.37;6.82;10.0;4.8;3.54;6.67;5.9;5.84;5.45;6.49
2021;150;4.76;7.72;9.59;5.74;4.43;6.67;6.15;7.79;3.77;6.63
2020;150;4.49;7.72;9.59;5.96;4.68;6.67;6.28;7.79;4.29;6.63
2019;150;4.84;8.24;9.59;5.94;4.81;6.67;5.85;7.79;4.29;6.63
2018;150;4.93;8.34;9.03;5.94;4.81;6.7;5.87;7.79;4.29;6.63
2017;150;4.92;8.44;8.81;5.81;4.55;6.67;5.83;7.54;4.22;6.63
2021;151;5.38;9.37;8.44;4.5;3.25;7.5;5.38;3.65;4.4;6.38
2020;151;4.76;9.37;8.44;4.56;3.35;7.5;5.37;3.95;3.74;6.38
2019;151;4.11;9.55;8.44;4.53;3.49;7.5;4.92;3.95;3.74;6.38
2018;151;4.36;9.55;8.38;4.59;3.54;6.7;5.02;3.95;4.14;6.38
2017;151;3.82;9.53;2.43;4.77;3.65;6.67;5.12;3.98;4.75;6.38
2021;156;0.44;2.55;9.71;8.15;8.68;10.0;9.26;8.14;8.61;6.83
2020;156;0.52;2.55;9.5;8.04;8.67;10.0;9.25;7.91;8.76;6.83
2019;156;1.13;3.89;9.7;8.16;8.91;10.0;8.77;7.91;8.76;6.83
2018;156;1.34;3.9;9.65;8.09;8.92;10.0;8.84;7.91;7.72;6.83
2017;156;1.3;3.83;9.67;8.13;8.79;10.0;8.86;7.97;9.11;6.83
2021;158;3.75;5.66;7.92;8.55;8.83;10.0;8.7;9.34;9.12;9.22
2020;158;4.01;4.92;7.92;8.66;8.86;10.0;8.77;9.34;9.65;9.22
2019;158;4.45;6.38;7.92;8.66;8.89;10.0;8.41;9.34;9.65;9.22
2018;158;4.61;6.32;7.71;8.66;8.89;10.0;8.42;9.34;9.65;9.22
2017;158;4.75;6.37;7.34;8.62;9.02;10.0;8.41;9.44;10.0;9.22
2021;159;7.06;9.75;2.73;2.96;1.8;3.33;2.29;3.8;2.0;5.12
2020;159;6.63;10.0;2.3;2.88;1.89;4.17;3.21;3.8;2.44;5.12
2019;159;6.67;10.0;3.25;2.69;2.12;4.17;3.36;3.8;2.06;5.12
2018;159;6.66;10.0;4.67;2.64;2.14;4.2;3.42;3.8;2.06;5.12
2017;159;6.71;10.0;5.8;2.73;2.3;4.17;4.09;3.85;2.85;5.12
2021;166;0.74;4.82;7.74;8.46;8.7;10.0;9.55;8.99;9.59;7.68
2020;166;0.69;3.87;7.47;8.46;8.72;10.0;9.47;8.99;9.58;7.06
2019;166;1.35;4.75;7.62;8.4;8.75;10.0;9.0;8.99;9.58;7.06
2018;166;1.46;4.95;7.82;8.47;8.74;10.0;9.0;8.99;9.58;7.06
2017;166;1.49;4.64;8.56;8.62;8.86;10.0;9.02;9.28;10.0;7.06
2021;168;8.35;9.22;9.37;5.37;3.22;2.5;4.73;3.62;2.42;4.66
2020;168;8.05;9.22;9.72;5.35;3.1;2.5;4.88;3.62;1.7;4.66
2019;168;8.42;9.22;10.0;5.33;3.29;2.5;4.22;3.62;2.05;4.66
2018;168;8.3;9.22;7.83;5.61;3.5;2.5;4.06;3.62;3.02;4.66
2017;168;8.35;9.22;8.3;5.5;3.52;2.5;4.0;3.33;1.16;4.61
2021;171;4.75;9.14;10.0;4.67;4.78;8.33;5.38;5.23;6.65;3.96
2020;171;4.75;9.14;10.0;4.71;4.72;8.33;5.37;5.23;6.65;3.96
2019;171;6.31;9.14;9.65;4.53;4.91;8.33;5.02;5.23;6.65;3.96
2018;171;6.37;9.14;9.74;4.53;4.94;8.3;5.03;5.23;6.65;3.96
2017;171;6.36;9.06;10.0;4.66;4.73;8.33;5.15;5.25;7.38;3.96
2021;173;6.88;8.94;7.48;4.53;3.34;2.5;4.8;2.67;5.01;5.38
2020;173;6.86;8.59;7.48;4.32;3.24;2.5;4.65;2.67;4.99;5.38
2019;173;7.21;9.0;7.48;4.28;3.34;2.5;3.85;2.67;4.99;5.38
2018;173;7.3;9.08;9.01;4.25;3.48;2.5;3.76;2.67;4.99;5.38
2017;173;7.35;8.83;8.74;4.34;3.16;2.5;3.72;2.69;5.51;5.38
2021;174;6.25;9.48;7.78;5.05;3.29;5.83;5.87;3.72;5.9;4.79
2020;174;5.87;9.48;7.78;5.32;3.48;7.5;5.68;4.01;6.41;4.79
2019;174;6.77;9.55;7.78;5.19;3.63;7.5;5.28;4.01;6.41;4.79
2018;174;6.75;9.56;7.52;5.08;3.61;7.5;5.28;4.01;6.41;4.79
2017;174;6.74;9.62;7.63;5.4;3.6;7.5;5.13;3.83;6.75;4.79
2021;175;6.73;8.57;8.83;4.93;3.57;4.17;4.73;2.92;3.52;6.54
2020;175;6.79;8.57;8.83;4.88;3.49;4.17;4.78;2.92;3.51;6.54
2019;175;7.49;9.07;8.83;4.88;3.7;4.17;4.28;2.92;3.51;6.54
2018;175;7.58;9.05;8.97;4.67;3.7;3.3;4.48;2.92;3.51;6.54
2017;175;7.84;9.2;9.79;4.85;3.72;3.61;4.57;3.09;3.26;6.49
2021;177;4.41;4.89;7.37;4.39;5.55;10.0;6.15;6.55;6.17;5.63
2020;177;4.35;4.01;7.32;4.78;5.8;10.0;6.29;6.32;6.41;5.63
2019;177;4.77;5.25;7.81;4.84;5.87;10.0;5.82;6.32;6.41;5.63
2018;177;4.92;5.46;7.21;4.74;5.86;10.0;5.86;6.32;6.41;5.63
2017;177;4.95;5.36;8.12;5.5;5.86;10.0;6.31;6.3;6.58;5.63
2021;178;5.04;4.17;10.0;7.11;5.91;10.0;8.1;7.74;7.17;6.14
2020;178;5.04;4.15;10.0;7.1;5.92;10.0;7.99;7.74;6.78;6.14
2019;178;5.6;5.01;10.0;7.34;5.97;10.0;7.89;7.74;7.94;6.14
2018;178;5.66;4.8;10.0;7.34;5.97;10.0;7.93;7.74;7.99;6.14
2017;178;5.58;4.94;10.0;7.61;5.83;10.0;7.95;7.7;8.69;6.14
2021;182;5.33;6.37;8.74;6.11;5.33;8.33;6.31;7.05;6.52;7.84
2020;182;4.83;5.71;8.74;6.38;5.11;8.33;6.28;7.05;6.08;7.84
2019;182;5.31;6.49;9.9;5.59;5.05;8.33;5.32;7.05;5.68;7.84
2018;182;5.59;6.4;10.0;5.29;4.84;8.3;4.64;7.05;5.03;7.84
2017;182;5.89;6.88;10.0;5.85;5.54;8.33;5.56;6.76;5.1;7.84
2021;183;4.06;5.3;8.02;4.16;3.49;6.67;4.34;4.72;3.39;5.36
2020;183;3.47;5.3;8.02;4.18;3.68;6.67;4.39;5.02;3.46;5.36
2019;183;4.13;6.21;8.02;4.16;3.88;6.67;4.27;5.02;3.46;5.36
2018;183;4.05;6.32;8.99;4.2;3.84;6.7;4.27;5.02;3.46;5.36
2017;183;4.25;5.81;9.14;4.31;3.88;6.67;4.32;4.95;3.33;5.31
2021;195;0.86;7.79;2.24;5.52;4.71;8.33;6.53;9.37;3.81;9.42
2020;195;0.0;7.79;2.24;5.55;4.63;8.33;6.48;9.37;3.81;9.42
2019;195;0.51;8.09;2.24;5.52;4.72;8.33;6.13;9.37;4.24;9.42
2018;195;0.19;8.53;0.35;5.56;4.71;8.3;6.05;9.37;4.0;9.42
2021;196;6.6;8.91;7.89;5.06;4.19;4.17;6.04;5.96;6.3;3.92
2020;196;6.59;8.91;7.61;4.98;4.24;4.17;6.02;5.96;6.19;3.92
2019;196;6.76;9.37;8.08;4.94;4.43;4.17;5.7;5.96;5.86;3.92
2018;196;6.89;9.56;7.94;4.99;4.55;4.2;5.55;5.96;6.5;3.92
2017;196;6.99;9.7;6.75;5.17;4.71;4.17;5.6;5.87;6.93;3.78
2021;197;5.78;3.12;5.08;5.4;3.85;6.67;5.95;5.06;4.59;6.24
2020;197;5.65;3.12;7.19;5.35;4.08;6.67;5.58;5.06;4.59;6.24
2019;197;6.0;4.17;8.04;5.28;4.26;6.67;5.43;5.06;4.59;6.24
2018;197;6.09;4.23;8.68;5.15;3.98;6.7;5.42;5.06;4.22;6.24
2017;197;6.3;4.24;9.75;5.05;3.69;6.67;5.18;5.0;4.37;6.24
2021;200;3.78;9.08;9.45;6.59;7.6;8.33;8.37;9.59;9.62;9.64
2020;200;3.7;8.66;9.47;6.4;7.6;8.33;8.21;9.59;8.76;9.64
2019;200;5.18;9.25;8.93;6.52;7.63;8.33;7.92;9.59;9.58;9.64
2018;200;5.17;9.23;9.07;6.52;7.62;8.3;7.82;9.59;9.58;9.64
2017;200;5.11;9.19;8.96;6.53;7.61;8.33;7.84;9.6;9.54;9.64
2021;202;3.73;4.6;9.57;5.49;5.1;10.0;6.9;5.74;7.4;6.42
2020;202;3.91;4.79;9.24;5.51;5.09;10.0;6.85;5.74;7.4;6.42
2019;202;4.21;4.82;9.47;5.56;5.14;10.0;6.2;5.74;7.09;6.42
2018;202;4.46;4.89;9.18;5.53;5.13;10.0;6.16;5.74;7.09;6.42
2017;202;4.33;4.98;10.0;5.53;5.1;10.0;6.15;5.83;6.94;6.42
2021;203;3.3;4.16;7.71;5.91;5.8;9.17;6.81;7.69;7.29;7.44
2020;203;3.19;3.51;8.02;5.91;5.73;9.17;7.03;7.46;7.0;7.44
2019;203;4.14;5.16;8.77;6.22;5.83;9.17;7.08;7.46;9.09;7.44
2018;203;4.13;4.92;9.01;6.33;5.8;9.2;7.08;7.46;9.09;7.44
2017;203;4.14;5.11;9.51;6.4;5.76;9.17;7.11;7.35;9.34;7.44
2021;206;4.66;7.87;5.3;6.93;5.42;8.33;5.65;2.13;6.34;7.57
2020;206;4.42;7.87;5.3;6.9;5.12;8.33;5.64;1.83;6.34;7.57
2019;206;4.85;8.12;5.3;6.9;5.41;8.33;4.87;1.83;5.41;7.57
2018;206;4.9;8.67;5.3;6.95;5.31;8.3;4.82;1.83;5.41;7.57
2017;206;4.89;8.12;4.68;6.73;5.27;8.33;4.9;1.83;4.66;7.57
2021;209;3.65;2.95;10.0;7.04;6.26;8.33;8.44;8.18;9.11;6.7
2020;209;3.47;2.95;10.0;7.0;6.31;8.33;8.56;8.18;9.3;6.7
2019;209;4.49;4.81;10.0;7.03;6.43;8.33;8.0;8.18;9.0;6.7
2018;209;4.64;4.73;10.0;7.1;6.42;8.3;8.0;8.18;9.41;6.7
2017;209;4.64;4.77;10.0;7.01;6.29;8.33;7.99;8.07;10.0;6.67
2021;210;7.93;8.83;8.49;5.79;5.39;5.0;5.9;4.97;3.83;5.53
2020;210;7.59;8.83;8.49;5.41;5.37;5.0;5.79;4.97;3.77;5.53
2019;210;8.08;8.8;8.49;6.21;5.52;5.0;5.52;4.97;4.38;5.53
2018;210;8.09;9.31;9.59;6.18;5.54;5.0;5.58;4.97;5.37;5.53
2021;214;0.86;4.86;8.97;8.22;8.04;9.17;8.52;8.17;9.75;8.07
2020;214;0.72;4.39;8.39;8.2;7.97;9.17;8.93;8.44;9.64;8.07
2019;214;1.05;4.95;8.57;8.2;8.05;9.17;8.38;8.44;9.64;8.07
2018;214;1.08;4.88;8.87;8.2;8.05;9.2;8.51;8.44;9.64;8.07
2017;214;1.1;4.81;9.36;8.38;8.19;9.17;8.89;8.58;10.0;8.07
2021;215;6.01;5.52;10.0;8.61;8.89;10.0;8.83;9.52;9.78;8.4
2020;215;6.16;5.36;10.0;8.59;8.9;10.0;8.83;9.52;9.79;8.4
2019;215;6.54;6.01;10.0;8.61;8.97;10.0;8.25;9.52;9.79;8.4
2018;215;6.57;6.06;10.0;8.61;8.98;10.0;8.23;9.52;9.79;8.4
2017;215;6.56;5.98;10.0;8.74;9.02;10.0;8.25;9.61;10.0;8.4
2021;219;7.95;7.99;2.3;5.7;3.99;5.83;7.28;5.08;6.59;5.09
2020;219;8.13;7.99;3.05;5.64;3.97;5.83;7.14;5.08;6.1;5.09
2019;219;8.32;7.99;3.55;5.4;4.13;5.83;6.84;5.08;6.1;5.09
2018;219;8.27;7.99;5.59;5.29;4.14;5.8;6.64;5.08;6.1;5.09
2017;219;8.09;7.65;7.14;5.55;4.23;6.67;6.83;5.32;5.32;5.09
2021;220;4.15;8.94;6.33;5.49;4.51;3.33;4.46;4.68;2.75;7.47
2020;220;4.37;8.95;6.31;5.41;4.39;3.33;4.47;4.68;2.72;7.47
2019;220;4.54;9.16;7.05;5.41;4.52;3.33;3.97;4.68;2.72;7.47
2018;220;4.44;9.21;6.91;5.29;4.48;3.3;3.98;4.68;2.72;7.47
2017;220;4.37;9.21;6.9;5.46;4.45;3.33;3.94;4.82;1.18;7.47
2021;226;5.26;6.41;4.67;5.09;4.07;5.83;7.3;5.39;5.87;6.69
2020;226;5.12;6.41;4.67;5.62;4.15;5.83;7.89;5.39;7.09;6.69
2019;226;5.27;6.41;4.67;5.64;4.24;5.83;7.43;5.39;6.85;6.69
2018;226;5.23;6.41;5.65;5.63;4.23;5.8;7.38;5.39;6.85;6.69
2017;226;5.15;6.41;5.83;5.73;4.14;6.67;7.4;5.36;7.32;6.69
2021;227;6.14;6.5;10.0;3.95;3.55;3.33;4.43;5.29;2.0;5.3
2020;227;5.56;6.04;10.0;3.74;3.59;3.33;4.41;5.29;1.88;5.3
2019;227;5.46;6.21;10.0;3.76;3.78;3.33;4.24;5.29;1.74;5.3
2018;227;5.66;6.47;10.0;3.62;3.77;3.3;3.82;5.29;1.74;5.3
2017;227;5.96;6.54;10.0;3.54;3.68;3.33;4.17;5.19;1.52;5.3
2021;231;8.21;10.0;5.48;4.69;3.65;3.33;5.34;3.63;3.82;5.16
2020;231;8.3;10.0;7.47;4.77;3.92;3.33;5.33;3.41;4.52;5.16
2019;231;8.54;10.0;7.81;4.66;3.79;3.33;4.83;3.41;5.22;5.16
2018;231;8.62;10.0;7.78;4.7;3.94;3.3;4.88;3.41;5.22;5.16
2017;231;8.78;10.0;9.11;4.78;3.9;3.33;5.08;3.51;5.12;5.16
2021;232;5.69;6.03;8.15;4.13;3.47;8.33;5.54;3.56;4.38;3.16
2020;232;5.71;5.2;8.15;4.05;3.26;8.33;5.34;3.56;4.3;3.16
2019;232;5.84;5.62;8.15;4.05;3.45;8.33;5.24;3.56;4.3;3.16
2018;232;4.99;5.47;7.73;4.0;3.45;8.3;4.84;3.56;4.3;3.16
2017;232;4.86;5.45;8.32;3.69;3.33;8.33;5.18;3.51;3.44;3.16
2021;233;3.83;7.96;0.0;5.91;6.82;8.33;6.21;9.3;7.21;9.35
2020;233;3.98;7.96;0.0;5.83;7.01;8.33;5.88;9.3;7.31;9.35
2019;233;4.28;8.06;0.0;5.96;7.06;8.33;5.72;9.3;7.17;9.35
2018;233;4.83;8.18;0.0;5.96;7.05;8.3;5.84;9.3;7.17;9.35
2017;233;3.72;8.7;0.0;5.86;6.85;8.33;5.75;9.16;7.44;9.93
2021;234;3.82;5.26;9.14;7.76;7.45;10.0;8.17;7.24;8.78;6.86
2020;234;3.72;4.21;9.25;7.78;7.47;10.0;8.18;7.24;9.72;6.86
2019;234;5.11;5.53;9.85;7.72;7.57;10.0;7.67;7.24;9.72;6.86
2018;234;5.29;5.46;9.76;7.74;7.74;10.0;7.8;7.24;9.72;6.86
2017;234;5.2;5.48;9.88;8.25;7.92;10.0;7.87;7.9;10.0;6.91
2021;235;6.64;4.74;9.86;7.77;7.68;6.67;7.54;7.65;8.29;6.52
2020;235;6.41;3.93;9.23;7.57;7.66;6.67;7.41;7.65;8.08;6.52
2019;235;6.68;6.02;9.53;7.66;7.76;6.67;7.89;7.65;7.9;6.52
2018;235;6.74;6.08;9.93;7.67;7.76;6.7;7.87;7.65;8.58;6.52
2017;235;6.74;6.03;9.7;7.94;8.02;6.67;7.82;7.83;8.99;6.52
2021;237;5.25;6.01;7.1;7.61;6.75;5.83;6.5;5.02;8.24;7.84
2020;237;5.16;6.01;7.1;7.76;6.86;5.83;6.58;5.02;8.62;7.84
2019;237;6.34;6.01;7.1;7.76;6.94;5.83;5.89;5.02;9.41;7.84
2018;237;6.48;5.7;7.36;7.71;6.93;5.8;5.49;5.02;9.41;7.84
2017;237;6.54;5.82;7.61;7.75;6.84;5.83;5.47;5.13;10.0;7.84
2021;247;1.68;9.32;7.3;4.81;4.05;8.33;5.64;3.25;4.39;4.3
2020;247;3.63;9.32;7.3;4.89;4.02;8.33;5.12;3.04;4.73;4.11
2019;247;3.09;9.55;7.3;5.02;4.14;8.33;5.4;3.04;4.73;4.11
2018;247;5.29;9.49;7.39;4.82;4.32;8.3;5.84;3.04;4.73;4.11
2017;247;5.12;9.35;10.0;4.97;4.44;8.33;5.51;3.51;4.82;4.08
2021;248;6.89;8.5;1.21;4.14;2.47;3.33;4.5;2.14;2.63;4.89
2020;248;8.86;8.5;2.82;4.11;2.47;3.33;4.6;1.95;3.33;4.89
2019;248;9.21;8.5;4.19;4.53;2.83;3.33;4.19;1.95;1.64;4.89
2018;248;8.38;8.5;2.82;4.57;2.82;3.3;4.31;1.95;2.72;4.89
2017;248;5.46;9.33;0.0;4.81;3.02;3.33;4.39;2.0;1.97;4.89
2017;126;8.67;8.64;1.23;5.66;2.6;5.0;4.2;2.24;5.7;4.22
2017;199;8.81;10.0;4.02;4.92;3.47;4.17;5.08;4.61;5.87;5.58
